City,Rate,County
Acampo,0.0775,San Joaquin
Acton,0.095,Los Angeles
Adelaida,0.0725,San Luis Obispo
Adelanto,0.0775,San Bernardino
Adin,0.0725,Modoc
Agoura,0.095,Los Angeles
Agoura Hills,0.095,Los Angeles
Agua Caliente,0.0825,Sonoma
Agua Caliente Springs,0.0775,San Diego
Agua Dulce,0.095,Los Angeles
Aguanga,0.0775,Riverside
Ahwahnee,0.0775,Madera
Al Tahoe,0.0725,El Dorado
Alameda,0.0975,Alameda
Alamo,0.0825,Contra Costa
Albany,0.0975,Alameda
Alberhill (Lake Elsinore),0.0775,Riverside
Albion,0.07875,Mendocino
Alderpoint,0.0775,Humboldt
Alhambra,0.095,Los Angeles
Aliso Viejo,0.0775,Orange
Alleghany,0.0725,Sierra
Almaden Valley,0.09,Santa Clara
Almanor,0.0725,Plumas
Almondale,0.095,Los Angeles
Alondra,0.095,Los Angeles
Alpaugh,0.0775,Tulare
Alpine,0.0775,San Diego
Alta,0.0725,Placer
Alta Loma (Rancho Cucamonga),0.0775,San Bernardino
Altadena,0.095,Los Angeles
Altaville,0.0725,Calaveras
Alton,0.0775,Humboldt
Alturas,0.0725,Modoc
Alviso (San Jose),0.0925,Santa Clara
Amador City,0.0775,Amador
Amargosa (Death Valley),0.0775,Inyo
Amboy,0.0775,San Bernardino
American Canyon,0.0775,Napa
Anaheim,0.0775,Orange
Anderson,0.0775,Shasta
Angels Camp,0.0775,Calaveras
Angelus Oaks,0.0775,San Bernardino
Angwin,0.0775,Napa
Annapolis,0.0825,Sonoma
Antelope,0.0775,Sacramento
Antelope Acres,0.095,Los Angeles
Antioch,0.0925,Contra Costa
Anza,0.0775,Riverside
Apple Valley,0.0775,San Bernardino
Applegate,0.0725,Placer
Aptos,0.09,Santa Cruz
Arbuckle,0.0725,Colusa
Arcadia,0.1025,Los Angeles
Arcata,0.085,Humboldt
Argus,0.0775,San Bernardino
Arleta (Los Angeles),0.095,Los Angeles
Arlington (Riverside),0.0875,Riverside
Armona,0.0725,Kings
Army Terminal,0.0925,Alameda
Arnold,0.0725,Calaveras
Aromas,0.0775,Monterey
Arrowbear Lake,0.0775,San Bernardino
Arrowhead Highlands,0.0775,San Bernardino
Arroyo Grande,0.0775,San Luis Obispo
Artesia,0.095,Los Angeles
Artois,0.0725,Glenn
Arvin,0.0825,Kern
Ashland,0.0925,Alameda
Asti,0.0825,Sonoma
Atascadero,0.0775,San Luis Obispo
Athens,0.095,Los Angeles
Atherton,0.0925,San Mateo
Atwater,0.0825,Merced
Atwood,0.0775,Orange
Auberry,0.07975,Fresno
Auburn,0.0725,Placer
Avalon,0.1,Los Angeles
Avenal,0.0725,Kings
Avery,0.0725,Calaveras
Avila Beach,0.0725,San Luis Obispo
Azusa,0.095,Los Angeles
Badger,0.0775,Tulare
Bailey,0.095,Los Angeles
Baker,0.0775,San Bernardino
Bakersfield,0.0825,Kern
Balboa (Newport Beach),0.0775,Orange
Balboa Island (Newport Beach),0.0775,Orange
Balboa Park (San Diego),0.0775,San Diego
Baldwin Park,0.095,Los Angeles
Ballard,0.0775,Santa Barbara
Ballico,0.0775,Merced
Ballroad,0.0775,Orange
Bangor,0.0725,Butte
Banning,0.0775,Riverside
Banta,0.0775,San Joaquin
Bard,0.0775,Imperial
Barrington,0.095,Los Angeles
Barstow,0.0875,San Bernardino
Bartlett,0.0775,Inyo
Barton,0.07975,Fresno
Base Line,0.0775,San Bernardino
Bass Lake,0.0775,Madera
Bassett,0.095,Los Angeles
Baxter,0.0725,Placer
Bay Point (formally West Pittsburg),0.0825,Contra Costa
Bayside,0.0775,Humboldt
Baywood Park,0.0725,San Luis Obispo
Beale A.F.B.,0.0825,Yuba
Bear River Lake,0.0775,Amador
Bear Valley,0.0725,Alpine
Bear Valley,0.0775,Mariposa
Beaumont,0.0775,Riverside
Beckwourth,0.0725,Plumas
Bel Air Estates (Los Angeles),0.095,Los Angeles
Belden,0.0725,Plumas
Bell Gardens,0.095,Los Angeles
Bell,0.095,Los Angeles
Bella Vista,0.0725,Shasta
Bellflower,0.095,Los Angeles
Belmont,0.0975,San Mateo
Belvedere,0.0825,Marin
Ben Lomond,0.09,Santa Cruz
Benicia,0.08375,Solano
Benton,0.0725,Mono
Berkeley,0.0925,Alameda
Bermuda Dunes,0.0775,Riverside
Berry Creek,0.0725,Butte
Bethel Island,0.0825,Contra Costa
Betteravia,0.0775,Santa Barbara
Beverly Hills,0.095,Los Angeles
Bieber,0.0725,Lassen
Big Bar,0.0725,Trinity
Big Basin,0.09,Santa Cruz
Big Bear City,0.0775,San Bernardino
Big Bear Lake,0.0775,San Bernardino
Big Bend,0.0725,Shasta
Big Creek,0.07975,Fresno
Big Oak Flat,0.0725,Tuolumne
Big Pine,0.0775,Inyo
Big River,0.0775,San Bernardino
Big Sur,0.0775,Monterey
Biggs,0.0725,Butte
Bijou,0.0725,El Dorado
Biola,0.07975,Fresno
Biola College (La Mirada),0.095,Los Angeles
Birds Landing,0.07375,Solano
Bishop,0.0775,Inyo
Black Hawk,0.0825,Contra Costa
Blairsden,0.0725,Plumas
Blocksburg,0.0775,Humboldt
Bloomington,0.0775,San Bernardino
Blossom Hill,0.09,Santa Clara
Blossom Valley,0.09,Santa Clara
Blue Jay,0.0775,San Bernardino
Blue Lake,0.0775,Humboldt
Blythe,0.0775,Riverside
Bodega,0.0825,Sonoma
Bodega Bay,0.0825,Sonoma
Bodfish,0.0725,Kern
Bolinas,0.0825,Marin
Bolsa,0.0775,Orange
Bombay Beach,0.0775,Imperial
Bonita,0.0775,San Diego
Bonny Doon,0.09,Santa Cruz
Bonsall,0.0775,San Diego
Boonville,0.07875,Mendocino
Boron,0.0725,Kern
Borrego Springs,0.0775,San Diego
Bostonia,0.0775,San Diego
Boulder Creek,0.09,Santa Cruz
Boulevard,0.0775,San Diego
Bouquet Canyon (Santa Clarita),0.095,Los Angeles
Bowman,0.0725,Placer
Boyes Hot Springs,0.0825,Sonoma
Bradbury,0.095,Los Angeles
Bradford,0.0925,Alameda
Bradley,0.0775,Monterey
Branscomb,0.07875,Mendocino
Brawley,0.0775,Imperial
Brea,0.0775,Orange
Brents Junction,0.095,Los Angeles
Brentwood (Los Angeles),0.095,Los Angeles
Brentwood,0.0825,Contra Costa
Briceland,0.0775,Humboldt
Bridgeport,0.0725,Mono
Bridgeport,0.0775,Mariposa
Bridgeville,0.0775,Humboldt
Brisbane,0.0925,San Mateo
Broderick (West Sacramento),0.0825,Yolo
Brookdale,0.09,Santa Cruz
Brookhurst Center,0.0775,Orange
Brooks,0.0725,Yolo
Browns Valley,0.0825,Yuba
Brownsville,0.0825,Yuba
Bryn Mawr,0.0775,San Bernardino
Bryte (West Sacramento),0.0825,Yolo
Buellton,0.0775,Santa Barbara
Buena Park,0.0775,Orange
Burbank,0.1025,Los Angeles
Burlingame,0.095,San Mateo
Burney,0.0725,Shasta
Burnt Ranch,0.0725,Trinity
Burrel,0.07975,Fresno
Burson,0.0725,Calaveras
Butte City,0.0725,Glenn
Butte Meadows,0.0725,Butte
Buttonwillow,0.0725,Kern
Byron,0.0825,Contra Costa
Cabazon,0.0775,Riverside
Cabrillo,0.095,Los Angeles
Cadiz,0.0775,San Bernardino
Calabasas Highlands,0.095,Los Angeles
Calabasas Park,0.095,Los Angeles
Calabasas,0.095,Los Angeles
Calexico,0.0825,Imperial
Caliente,0.0725,Kern
California City,0.0725,Kern
California Hot Springs,0.0775,Tulare
California Valley,0.0725,San Luis Obispo
Calimesa,0.0775,Riverside
Calipatria,0.0775,Imperial
Calistoga,0.0775,Napa
Callahan,0.0725,Siskiyou
Calpella,0.07875,Mendocino
Calpine,0.0725,Sierra
Calwa,0.07975,Fresno
Camarillo,0.0725,Ventura
Cambria,0.0725,San Luis Obispo
Cambrian Park,0.09,Santa Clara
Cameron Park,0.0725,El Dorado
Camino,0.0725,El Dorado
Camp Beale,0.0825,Yuba
Camp Connell,0.0725,Calaveras
Camp Curry,0.0775,Mariposa
Camp Kaweah,0.0775,Tulare
Camp Meeker,0.0825,Sonoma
Camp Nelson,0.0775,Tulare
Camp Pendleton,0.0775,San Diego
Camp Roberts,0.0775,Monterey
Campbell,0.0925,Santa Clara
Campo,0.0775,San Diego
Campo Seco,0.0725,Calaveras
Camptonville,0.0825,Yuba
Canby,0.0725,Modoc
Canoga Annex,0.095,Los Angeles
Canoga Park (Los Angeles),0.095,Los Angeles
Cantil,0.0725,Kern
Cantua Creek,0.07975,Fresno
Canyon,0.0825,Contra Costa
Canyon Country (Santa Clarita),0.095,Los Angeles
Canyon Lake,0.0775,Riverside
Canyondam,0.0725,Plumas
Capay,0.0725,Yolo
Capistrano Beach (Dana Point),0.0775,Orange
Capitola,0.09,Santa Cruz
Cardiff By The Sea (Encinitas),0.0775,San Diego
Cardwell,0.07975,Fresno
Carlotta,0.0775,Humboldt
Carlsbad,0.0775,San Diego
Carmel Rancho,0.0775,Monterey
Carmel Valley,0.0775,Monterey
Carmel,0.0875,Monterey
Carmichael,0.0775,Sacramento
Carnelian Bay,0.0725,Placer
Carpinteria,0.09,Santa Barbara
Carson,0.095,Los Angeles
Cartago,0.0775,Inyo
Caruthers,0.07975,Fresno
Casitas Springs,0.0725,Ventura
Casmalia,0.0775,Santa Barbara
Caspar,0.07875,Mendocino
Cassel,0.0725,Shasta
Castaic,0.095,Los Angeles
Castella,0.0725,Shasta
Castle A.F.B.,0.0775,Merced
Castro Valley,0.0925,Alameda
Castroville,0.0775,Monterey
Cathedral City,0.0875,Riverside
Catheys Valley,0.0775,Mariposa
Cayucos,0.0725,San Luis Obispo
Cazadero,0.0825,Sonoma
Cecilville,0.0725,Siskiyou
Cedar,0.095,Los Angeles
Cedar Crest,0.07975,Fresno
Cedar Glen,0.0775,San Bernardino
Cedar Ridge,0.075,Nevada
Cedarpines Park,0.0775,San Bernardino
Cedarville,0.0725,Modoc
Central Valley,0.0725,Shasta
Century City (Los Angeles),0.095,Los Angeles
Ceres,0.08375,Stanislaus
Cerritos,0.095,Los Angeles
Challenge,0.0825,Yuba
Chambers Lodge,0.0725,Placer
Charter Oak,0.095,Los Angeles
Chatsworth (Los Angeles),0.095,Los Angeles
Cherry Valley,0.0775,Riverside
Chester,0.0725,Plumas
Chicago Park,0.075,Nevada
Chico,0.0725,Butte
Chilcoot,0.0725,Plumas
China Lake NWC (Ridgecrest),0.0825,Kern
Chinese Camp,0.0725,Tuolumne
Chino Hills,0.0775,San Bernardino
Chino,0.0775,San Bernardino
Chiriaco Summit,0.0775,Riverside
Cholame,0.0725,San Luis Obispo
Chowchilla,0.0875,Madera
Chualar,0.0775,Monterey
Chula Vista,0.0875,San Diego
Cima,0.0775,San Bernardino
Citrus Heights,0.0775,Sacramento
City of Commerce,0.1,Los Angeles
City of Industry,0.095,Los Angeles
City Terrace,0.095,Los Angeles
Claremont,0.095,Los Angeles
Clarksburg,0.0725,Yolo
Clayton,0.0825,Contra Costa
Clear Creek,0.0725,Siskiyou
Clearlake Highlands (Clearlake),0.0875,Lake
Clearlake Oaks,0.0725,Lake
Clearlake Park (Clearlake),0.0875,Lake
Clearlake,0.0875,Lake
Clements,0.0775,San Joaquin
Clinter,0.07975,Fresno
Clio,0.0725,Plumas
Clipper Mills,0.0725,Butte
Cloverdale,0.0825,Sonoma
Clovis,0.07975,Fresno
Coachella,0.0875,Riverside
Coalinga,0.08975,Fresno
Coarsegold,0.0775,Madera
Cobb,0.0725,Lake
Cohasset,0.0725,Butte
Cole,0.095,Los Angeles
Coleville,0.0725,Mono
Colfax,0.0725,Placer
College City,0.0725,Colusa
College Grove Center,0.0775,San Diego
Colma,0.0925,San Mateo
Coloma,0.0725,El Dorado
Colorado,0.0775,Mariposa
Colton,0.0775,San Bernardino
Columbia,0.0725,Tuolumne
Colusa,0.0725,Colusa
Commerce,0.1,Los Angeles
Comptche,0.07875,Mendocino
Compton,0.1025,Los Angeles
Concord,0.0875,Contra Costa
Cool,0.0725,El Dorado
Copperopolis,0.0725,Calaveras
Corcoran,0.0825,Kings
Cornell,0.095,Los Angeles
Corning,0.0775,Tehama
Corona Del Mar (Newport Beach),0.0775,Orange
Corona,0.0775,Riverside
Coronado,0.0775,San Diego
Corralitos,0.09,Santa Cruz
Corte Madera,0.09,Marin
Coso Junction,0.0775,Inyo
Costa Mesa,0.0775,Orange
Cotati,0.0925,Sonoma
Coto De Caza,0.0775,Orange
Cottonwood,0.0725,Shasta
Coulterville,0.0775,Mariposa
Courtland,0.0775,Sacramento
Covelo,0.07875,Mendocino
Covina,0.1025,Los Angeles
Cowan Heights,0.0775,Orange
Coyote,0.09,Santa Clara
Crannell,0.0775,Humboldt
Crenshaw (Los Angeles),0.095,Los Angeles
Crescent City,0.075,Del Norte
Crescent Mills,0.0725,Plumas
Cressey,0.0775,Merced
Crest,0.0775,San Diego
Crest Park,0.0775,San Bernardino
Cresta Blanca,0.0925,Alameda
Crestline,0.0775,San Bernardino
Creston,0.0725,San Luis Obispo
Crockett,0.0825,Contra Costa
Cromberg,0.0725,Plumas
Cross Roads,0.0775,San Bernardino
Crowley Lake,0.0725,Mono
Crows Landing,0.07875,Stanislaus
Cucamonga (Rancho Cucamonga),0.0775,San Bernardino
Cudahy,0.1025,Los Angeles
Culver City,0.1025,Los Angeles
Cummings,0.07875,Mendocino
Cupertino,0.09,Santa Clara
Curry Village,0.0775,Mariposa
Cutler,0.0775,Tulare
Cutten,0.0775,Humboldt
Cuyama,0.0775,Santa Barbara
Cypress,0.0775,Orange
Daggett,0.0775,San Bernardino
Dairy Farm,0.07375,Solano
Daly City,0.0925,San Mateo
Dana Point,0.0775,Orange
Danville,0.0825,Contra Costa
Dardanelle,0.0725,Tuolumne
Darwin,0.0775,Inyo
Davenport,0.09,Santa Cruz
Davis Creek,0.0725,Modoc
Davis ,0.0825,Yolo
Death Valley,0.0775,Inyo
Death Valley Junction,0.0775,Inyo
Deer Park,0.0775,Napa
Del Kern (Bakersfield),0.0825,Kern
Del Mar Heights (Morro Bay),0.0775,San Luis Obispo
Del Mar,0.0875,San Diego
Del Monte Grove (Monterey),0.0875,Monterey
Del Rey,0.07975,Fresno
Del Rey Oaks,0.0925,Monterey
Del Rosa,0.0775,San Bernardino
Del Sur,0.095,Los Angeles
Delano,0.0825,Kern
Deleven,0.0725,Colusa
Delhi,0.0775,Merced
Denair,0.07875,Stanislaus
Denny,0.0725,Trinity
Descanso,0.0775,San Diego
Desert Center,0.0775,Riverside
Desert Hot Springs,0.0775,Riverside
Di Giorgio,0.0725,Kern
Diablo,0.0825,Contra Costa
Diamond Bar,0.095,Los Angeles
Diamond Springs,0.0725,El Dorado
Dillon Beach,0.0825,Marin
Dinkey Creek,0.07975,Fresno
Dinuba,0.085,Tulare
Discovery Bay,0.0825,Contra Costa
Dixon,0.07375,Solano
Dobbins,0.0825,Yuba
Dogtown,0.0825,Marin
Dollar Ranch,0.0825,Contra Costa
Dorris,0.0725,Siskiyou
Dos Palos,0.0775,Merced
Dos Rios,0.07875,Mendocino
Douglas City,0.0725,Trinity
Douglas Flat,0.0725,Calaveras
Downey,0.1,Los Angeles
Downieville,0.0725,Sierra
Doyle,0.0725,Lassen
Drytown,0.0775,Amador
Duarte,0.095,Los Angeles
Dublin,0.0925,Alameda
Ducor,0.0775,Tulare
Dulzura,0.0775,San Diego
Duncans Mills,0.0825,Sonoma
Dunlap,0.07975,Fresno
Dunnigan,0.0725,Yolo
Dunsmuir,0.0775,Siskiyou
Durham,0.0725,Butte
Dutch Flat,0.0725,Placer
Eagle Mountain,0.0775,Riverside
Eagle Rock (Los Angeles),0.095,Los Angeles
Eagleville,0.0725,Modoc
Earlimart,0.0775,Tulare
Earp,0.0775,San Bernardino
East Highlands (Highland),0.0775,San Bernardino
East Irvine (Irvine),0.0775,Orange
East Los Angeles,0.095,Los Angeles
East Lynwood (Lynwood),0.1025,Los Angeles
East Nicolaus,0.0725,Sutter
East Palo Alto,0.0975,San Mateo
East Porterville,0.0775,Tulare
East Rancho Dominguez,0.095,Los Angeles
East San Pedro (Los Angeles),0.095,Los Angeles
Eastgate,0.095,Los Angeles
Easton,0.07975,Fresno
Eastside,0.0775,San Bernardino
Eastvale,0.0775,Riverside
Echo Lake,0.0725,El Dorado
Echo Park (Los Angeles),0.095,Los Angeles
Edgemont (Moreno Valley),0.0775,Riverside
Edgewood,0.0725,Siskiyou
Edison,0.0725,Kern
Edwards,0.0725,Kern
Edwards A.F.B.,0.0725,Kern
El Cajon,0.0825,San Diego
El Centro,0.0825,Imperial
El Cerrito,0.0975,Contra Costa
El Dorado,0.0725,El Dorado
El Dorado Hills,0.0725,El Dorado
El Granada,0.0925,San Mateo
El Macero,0.0725,Yolo
El Modena,0.0775,Orange
El Monte,0.1,Los Angeles
El Nido,0.0775,Merced
El Portal,0.0775,Mariposa
El Segundo,0.095,Los Angeles
El Sobrante,0.0825,Contra Costa
El Toro (Lake Forest),0.0775,Orange
El Toro M.C.A.S.,0.0775,Orange
El Verano,0.0825,Sonoma
El Viejo,0.07875,Stanislaus
Eldridge,0.0825,Sonoma
Elizabeth Lake,0.095,Los Angeles
Elk,0.07875,Mendocino
Elk Creek,0.0725,Glenn
Elk Grove,0.0775,Sacramento
Elmira,0.07375,Solano
Elmwood,0.0925,Alameda
Elverta,0.0775,Sacramento
Emerald Hills (Redwood City),0.0975,San Mateo
Emeryville,0.0925,Alameda
Emigrant Gap,0.0725,Placer
Empire,0.07875,Stanislaus
Encinitas,0.0775,San Diego
Encino (Los Angeles),0.095,Los Angeles
Enterprise,0.0725,Shasta
Escalon,0.0775,San Joaquin
Escondido,0.0775,San Diego
Esparto,0.0725,Yolo
Essex,0.0775,San Bernardino
Etiwanda (Rancho Cucamonga),0.0775,San Bernardino
Etna,0.0725,Siskiyou
Ettersburg,0.0775,Humboldt
Eureka,0.085,Humboldt
Exeter,0.0775,Tulare
Fair Oaks,0.0775,Sacramento
Fairfax,0.09,Marin
Fairfield,0.08375,Solano
Fairmount,0.0825,Contra Costa
Fall River Mills,0.0725,Shasta
Fallbrook,0.0775,San Diego
Fallbrook Junction,0.0775,San Diego
Fallen Leaf,0.0725,El Dorado
Fallon,0.0825,Marin
Fancher,0.07975,Fresno
Farmersville,0.0875,Tulare
Farmington,0.0775,San Joaquin
Fawnskin,0.0775,San Bernardino
Feather Falls,0.0725,Butte
Fellows,0.0725,Kern
Felton,0.09,Santa Cruz
Fenner,0.0775,San Bernardino
Fernbridge (Fortuna),0.085,Humboldt
Ferndale,0.0775,Humboldt
Fiddletown,0.0775,Amador
Fields Landing,0.0775,Humboldt
Fig Garden Village (Fresno),0.07975,Fresno
Fillmore,0.0725,Ventura
Finley,0.0725,Lake
Firebaugh,0.07975,Fresno
Fish Camp,0.0775,Mariposa
Five Points,0.07975,Fresno
Flinn Springs,0.0775,San Diego
Flintridge (LaCanada/ Flintridge),0.095,Los Angeles
Florence,0.095,Los Angeles
Floriston,0.075,Nevada
Flournoy,0.0725,Tehama
Folsom,0.0775,Sacramento
Fontana,0.0775,San Bernardino
Foothill Ranch,0.0775,Orange
Forbestown,0.0725,Butte
Forest Falls,0.0775,San Bernardino
Forest Glen,0.0725,Trinity
Forest Knolls,0.0825,Marin
Forest Park,0.095,Los Angeles
Forest Ranch,0.0725,Butte
Foresthill,0.0725,Placer
Forestville,0.0825,Sonoma
Forks of Salmon,0.0725,Siskiyou
Fort Bidwell,0.0725,Modoc
Fort Bragg,0.08875,Mendocino
Fort Dick,0.075,Del Norte
Fort Irwin,0.0775,San Bernardino
Fort Jones,0.0725,Siskiyou
Fort Ord,0.0775,Monterey
Fort Ord (Marina),0.0925,Monterey
Fort Ord (Seaside),0.0925,Monterey
Fort Seward,0.0775,Humboldt
Fortuna,0.085,Humboldt
Foster City,0.0925,San Mateo
Fountain Valley,0.0875,Orange
Fowler,0.08975,Fresno
Frazier Park,0.0725,Kern
Freedom,0.09,Santa Cruz
Freedom (Watsonville),0.0925,Santa Cruz
Freeport,0.0775,Sacramento
Freestone,0.0825,Sonoma
Fremont,0.0925,Alameda
French Camp,0.0775,San Joaquin
French Gulch,0.0725,Shasta
Freshwater,0.0775,Humboldt
Fresno,0.07975,Fresno
Friant,0.07975,Fresno
Friendly Valley (Santa Clarita),0.095,Los Angeles
Frontera,0.0775,Riverside
Fullerton,0.0775,Orange
Fulton,0.0825,Sonoma
Galt,0.0825,Sacramento
Garberville,0.0775,Humboldt
Garden Grove,0.0875,Orange
Garden Valley,0.0725,El Dorado
Gardena,0.095,Los Angeles
Garey,0.0775,Santa Barbara
Garnet,0.0775,Riverside
Gasquet,0.075,Del Norte
Gaviota,0.0775,Santa Barbara
Gazelle,0.0725,Siskiyou
George A.F.B.,0.0775,San Bernardino
Georgetown,0.0725,El Dorado
Gerber,0.0725,Tehama
Geyserville,0.0825,Sonoma
Giant Forest,0.0775,Tulare
Gillman Hot Springs,0.0775,Riverside
Gilroy,0.09,Santa Clara
Glassell Park (Los Angeles),0.095,Los Angeles
Glen Avon,0.0775,Riverside
Glen Ellen,0.0825,Sonoma
Glenburn,0.0725,Shasta
Glencoe,0.0725,Calaveras
Glendale,0.1025,Los Angeles
Glendora,0.1025,Los Angeles
Glenhaven,0.0725,Lake
Glenn,0.0725,Glenn
Glennville,0.0725,Kern
Gold River,0.0775,Sacramento
Gold Run,0.0725,Placer
Golden Hills,0.0725,Kern
Goleta,0.0775,Santa Barbara
Gonzales,0.0825,Monterey
Goodyears Bar,0.0725,Sierra
Gorman,0.095,Los Angeles
Goshen,0.0775,Tulare
Government Island,0.0925,Alameda
Graeagle,0.0725,Plumas
Granada Hills (Los Angeles),0.095,Los Angeles
Grand Terrace,0.0775,San Bernardino
Granite Bay,0.0725,Placer
Grass Valley,0.085,Nevada
Graton,0.0825,Sonoma
Green Valley,0.095,Los Angeles
Green Valley Lake,0.0775,San Bernardino
Greenacres,0.0725,Kern
Greenbrae (Larkspur),0.09,Marin
Greenfield,0.095,Monterey
Greenview,0.0725,Siskiyou
Greenville,0.0725,Plumas
Greenwood,0.0725,El Dorado
Grenada,0.0725,Siskiyou
Gridley,0.0725,Butte
Grimes,0.0725,Colusa
Grizzly Flats,0.0725,El Dorado
Groveland,0.0725,Tuolumne
Grover Beach,0.0775,San Luis Obispo
Guadalupe,0.08,Santa Barbara
Gualala,0.07875,Mendocino
Guasti (Ontario),0.0775,San Bernardino
Guatay,0.0775,San Diego
Guerneville,0.0825,Sonoma
Guinda,0.0725,Yolo
Gustine,0.0825,Merced
Hacienda Heights,0.095,Los Angeles
Halcyon,0.0725,San Luis Obispo
Half Moon Bay,0.0925,San Mateo
Hamilton A.F.B. (Novato),0.085,Marin
Hamilton City,0.0725,Glenn
Hanford,0.0725,Kings
Happy Camp,0.0725,Siskiyou
Harbison Canyon,0.0775,San Diego
Harbor City (Los Angeles),0.095,Los Angeles
Harmony,0.0725,San Luis Obispo
Harris,0.0775,Humboldt
Hat Creek,0.0725,Shasta
Hathaway Pines,0.0725,Calaveras
Havasu Lake,0.0775,San Bernardino
Hawaiian Gardens,0.095,Los Angeles
Hawthorne,0.1025,Los Angeles
Hayfork,0.0725,Trinity
Hayward,0.0975,Alameda
Hazard,0.095,Los Angeles
Healdsburg,0.0875,Sonoma
Heber,0.0775,Imperial
Helena,0.0725,Trinity
Helendale,0.0775,San Bernardino
Helm,0.07975,Fresno
Hemet,0.0875,Riverside
Herald,0.0775,Sacramento
Hercules,0.0875,Contra Costa
Herlong,0.0725,Lassen
Hermosa Beach,0.095,Los Angeles
Herndon,0.07975,Fresno
Hesperia,0.0775,San Bernardino
Heyer,0.0925,Alameda
Hickman,0.07875,Stanislaus
Hidden Hills,0.095,Los Angeles
Highgrove,0.0775,Riverside
Highland Park (Los Angeles),0.095,Los Angeles
Highland,0.0775,San Bernardino
Highway City (Fresno),0.07975,Fresno
Hillcrest (San Diego),0.0775,San Diego
Hillsborough,0.0925,San Mateo
Hillsdale (San Mateo),0.095,San Mateo
Hilmar,0.0775,Merced
Hilt,0.0725,Siskiyou
Hinkley,0.0775,San Bernardino
Hobergs,0.0725,Lake
Hollister,0.0925,San Benito
Hollywood (Los Angeles),0.095,Los Angeles
Holmes,0.0775,Humboldt
Holt,0.0775,San Joaquin
Holtville,0.0775,Imperial
Holy City,0.09,Santa Clara
Homeland,0.0775,Riverside
Homestead,0.0725,Kern
Homestead,0.0775,Riverside
Homewood,0.0725,Placer
Honby,0.095,Los Angeles
Honeydew,0.0775,Humboldt
Hood,0.0775,Sacramento
Hoopa,0.0775,Humboldt
Hope Valley (Forest Camp),0.0725,Alpine
Hopland,0.07875,Mendocino
Hornbrook,0.0725,Siskiyou
Hornitos,0.0775,Mariposa
Horse Creek,0.0725,Siskiyou
Horse Lake,0.0725,Lassen
Hughson,0.07875,Stanislaus
Hume,0.07975,Fresno
Huntington,0.0775,Orange
Huntington Beach,0.0775,Orange
Huntington Lake,0.07975,Fresno
Huntington Park,0.1025,Los Angeles
Huron,0.08975,Fresno
Hyampom,0.0725,Trinity
Hyde Park (Los Angeles),0.095,Los Angeles
Hydesville,0.0775,Humboldt
Idria,0.0825,San Benito
Idyllwild,0.0775,Riverside
Ignacio (Novato),0.085,Marin
Igo,0.0725,Shasta
Imola (Napa),0.0775,Napa
Imperial Beach,0.0775,San Diego
Imperial,0.0775,Imperial
Independence,0.0775,Inyo
Indian Wells,0.0775,Riverside
Indio,0.0875,Riverside
Industry,0.095,Los Angeles
Inglewood,0.1,Los Angeles
Inverness,0.0825,Marin
Inyo,0.0775,Inyo
Inyokern,0.0725,Kern
Ione,0.0775,Amador
Iowa Hill,0.0725,Placer
Irvine,0.0775,Orange
Irwindale,0.095,Los Angeles
Isla Vista,0.0775,Santa Barbara
Island Mountain,0.0725,Trinity
Isleton,0.0875,Sacramento
Ivanhoe,0.0775,Tulare
Ivanpah,0.0775,San Bernardino
Jackson,0.0775,Amador
Jacumba,0.0775,San Diego
Jamacha,0.0775,San Diego
Jamestown,0.0725,Tuolumne
Jamul,0.0775,San Diego
Janesville,0.0725,Lassen
Jenner,0.0825,Sonoma
Johannesburg,0.0725,Kern
Johnsondale,0.0775,Tulare
Johnstonville,0.0725,Lassen
Johnstown,0.0775,San Diego
Jolon,0.0775,Monterey
Joshua Tree,0.0775,San Bernardino
Julian,0.0775,San Diego
Junction City,0.0725,Trinity
June Lake,0.0725,Mono
Juniper,0.0725,Lassen
Jurupa Valley,0.0775,Riverside
Kagel Canyon,0.095,Los Angeles
Kaweah,0.0775,Tulare
Keddie,0.0725,Plumas
Keeler,0.0775,Inyo
Keene,0.0725,Kern
Kelsey,0.0725,El Dorado
Kelseyville,0.0725,Lake
Kelso,0.0775,San Bernardino
Kensington,0.0825,Contra Costa
Kentfield,0.0825,Marin
Kenwood,0.0825,Sonoma
Kerman,0.08975,Fresno
Kernville,0.0725,Kern
Keswick,0.0725,Shasta
Kettleman City,0.0725,Kings
Keyes,0.07875,Stanislaus
King City,0.0875,Monterey
Kings Beach,0.0725,Placer
Kings Canyon National Park,0.0775,Tulare
Kingsburg,0.08975,Fresno
Kinyon,0.0725,Siskiyou
Kirkwood,0.0725,Alpine
Kit Carson,0.0775,Amador
Klamath,0.075,Del Norte
Klamath River,0.0725,Siskiyou
Kneeland,0.0775,Humboldt
Knights Ferry,0.07875,Stanislaus
Knights Landing,0.0725,Yolo
Knightsen,0.0825,Contra Costa
Korbel,0.0775,Humboldt
Korbel,0.0825,Sonoma
Kyburz,0.0725,El Dorado
L.A. Airport (Los Angeles),0.095,Los Angeles
La Canada- Flintridge,0.095,Los Angeles
La Crescenta,0.095,Los Angeles
La Cresta Village,0.0725,Kern
La Grange,0.07875,Stanislaus
La Habra Heights,0.095,Los Angeles
La Habra,0.0825,Orange
La Honda,0.0925,San Mateo
La Jolla (San Diego),0.0775,San Diego
La Mesa,0.085,San Diego
La Mirada,0.095,Los Angeles
La Palma,0.0875,Orange
La Porte,0.0725,Plumas
La Puente,0.1,Los Angeles
La Quinta,0.0875,Riverside
La Selva Beach,0.09,Santa Cruz
La Verne,0.095,Los Angeles
La Vina,0.095,Los Angeles
Ladera,0.0925,San Mateo
Ladera Heights,0.095,Los Angeles
Ladera Ranch,0.0775,Orange
Lafayette,0.0825,Contra Costa
Laguna Beach,0.0775,Orange
Laguna Hills,0.0775,Orange
Laguna Niguel,0.0775,Orange
Laguna Woods,0.0775,Orange
Lagunitas,0.0825,Marin
Lake Alpine,0.0725,Alpine
Lake Arrowhead,0.0775,San Bernardino
Lake City,0.0725,Modoc
Lake City,0.075,Nevada
Lake Elsinore,0.0775,Riverside
Lake Forest,0.0775,Orange
Lake Hughes,0.095,Los Angeles
Lake Isabella,0.0725,Kern
Lake Los Angeles,0.095,Los Angeles
Lake Mary,0.0725,Mono
Lake San Marcos,0.0775,San Diego
Lake Shastina,0.0725,Siskiyou
Lake Sherwood,0.0725,Ventura
Lakehead,0.0725,Shasta
Lakeport,0.0875,Lake
Lakeshore,0.07975,Fresno
Lakeside,0.0775,San Diego
Lakeview,0.0775,Riverside
Lakeview Terrace (Los Angeles),0.095,Los Angeles
Lakewood,0.095,Los Angeles
Lamont,0.0725,Kern
Lancaster,0.095,Los Angeles
Landers,0.0775,San Bernardino
Landscape,0.0925,Alameda
Lang,0.095,Los Angeles
Larkfield,0.0825,Sonoma
Larkspur,0.09,Marin
Larwin Plaza,0.07375,Solano
Lathrop,0.0875,San Joaquin
Laton,0.07975,Fresno
Lawndale,0.1025,Los Angeles
Laws,0.0775,Inyo
Laytonville,0.07875,Mendocino
Le Grand (Also Legrand),0.0775,Merced
Lebec,0.0725,Kern
Lee Vining,0.0725,Mono
Leggett,0.07875,Mendocino
Leisure World,0.0775,Orange
Leisure World (Seal Beach),0.0875,Orange
Lemon Grove,0.0775,San Diego
Lemoncove,0.0775,Tulare
Lemoore,0.0725,Kings
Lennox,0.095,Los Angeles
Lenwood,0.0775,San Bernardino
Leona Valley,0.095,Los Angeles
Leucadia (Encinitas),0.0775,San Diego
Lewiston,0.0725,Trinity
Liberty Farms,0.07375,Solano
Likely,0.0725,Modoc
Lincoln Acres,0.0775,San Diego
Lincoln Heights (Los Angeles),0.095,Los Angeles
Lincoln Village,0.0775,San Joaquin
Lincoln,0.0725,Placer
Linda,0.0825,Yuba
Linden,0.0775,San Joaquin
Lindsay,0.0875,Tulare
Linnell,0.0775,Tulare
Litchfield,0.0725,Lassen
Little Lake,0.0775,Inyo
Little Norway,0.0725,El Dorado
Little Valley,0.0725,Lassen
Littleriver,0.07875,Mendocino
Littlerock (Also Little Rock),0.095,Los Angeles
Live Oak,0.09,Santa Cruz
Live Oak,0.0725,Sutter
Livermore,0.0925,Alameda
Livingston,0.0775,Merced
Llano,0.095,Los Angeles
Loch Lomond,0.0725,Lake
Locke,0.0775,Sacramento
Lockeford,0.0775,San Joaquin
Lockheed,0.09,Santa Cruz
Lockwood,0.0775,Monterey
Lodi,0.0825,San Joaquin
Loleta,0.0775,Humboldt
Loma Linda,0.0775,San Bernardino
Loma Mar,0.0925,San Mateo
Loma Rica,0.0825,Yuba
Lomita,0.095,Los Angeles
Lompoc,0.0775,Santa Barbara
London,0.0775,Tulare
Lone Pine,0.0775,Inyo
Long Barn,0.0725,Tuolumne
Long Beach,0.1025,Los Angeles
Longview,0.095,Los Angeles
Lookout,0.0725,Modoc
Loomis,0.075,Placer
Lorre Estates,0.09,Santa Clara
Los Alamitos,0.0775,Orange
Los Alamos,0.0775,Santa Barbara
Los Altos Hills,0.09,Santa Clara
Los Altos,0.09,Santa Clara
Los Angeles,0.095,Los Angeles
Los Banos,0.0875,Merced
Los Gatos,0.09125,Santa Clara
Los Molinos,0.0725,Tehama
Los Nietos,0.095,Los Angeles
Los Olivos,0.0775,Santa Barbara
Los Osos,0.0725,San Luis Obispo
Los Padres,0.0725,San Luis Obispo
Los Serranos (Chino Hills),0.0775,San Bernardino
Lost Hills,0.0725,Kern
Lost Lake,0.0775,Riverside
Lotus,0.0725,El Dorado
Lower Lake,0.0725,Lake
Loyalton,0.0725,Sierra
Lucerne,0.0725,Lake
Lucerne Valley,0.0775,San Bernardino
Lucia,0.0775,Monterey
Ludlow,0.0775,San Bernardino
Lugo,0.095,Los Angeles
Lynwood,0.1025,Los Angeles
Lytle Creek,0.0775,San Bernardino
Macdoel,0.0725,Siskiyou
Maclay,0.095,Los Angeles
Mad River,0.0725,Trinity
Madeline,0.0725,Lassen
Madera,0.0825,Madera
Madison,0.0725,Yolo
Magalia,0.0725,Butte
Malaga,0.07975,Fresno
Malibu,0.095,Los Angeles
Mammoth Lakes,0.0775,Mono
Manhattan Beach,0.095,Los Angeles
Manteca,0.0825,San Joaquin
Manton,0.0725,Tehama
Manzanita Lake,0.0725,Shasta
Mar Vista,0.095,Los Angeles
Marcelina,0.095,Los Angeles
March A.F.B.,0.0775,Riverside
Mare Island (Vallejo),0.08375,Solano
Maricopa,0.0725,Kern
Marin City,0.0825,Marin
Marina Del Rey,0.095,Los Angeles
Marina,0.0925,Monterey
Marine Corps (Twentynine Palms),0.0775,San Bernardino
Mariner,0.0775,Orange
Mariposa,0.0775,Mariposa
Markleeville,0.0725,Alpine
Marsh Manor,0.0925,San Mateo
Marshall,0.0825,Marin
Martell,0.0775,Amador
Martinez,0.0925,Contra Costa
Marysville,0.0825,Yuba
Mather,0.0725,Tuolumne
Mather,0.0775,Sacramento
Maxwell,0.0725,Colusa
Maywood,0.095,Los Angeles
McArthur,0.0725,Shasta
McClellan,0.0775,Sacramento
McCloud,0.0725,Siskiyou
McFarland,0.0725,Kern
McKinleyville,0.0775,Humboldt
McKittrick,0.0725,Kern
Mead Valley,0.0775,Riverside
Meadow Valley,0.0725,Plumas
Meadow Vista,0.0725,Placer
Meadowbrook,0.0775,Riverside
Mecca,0.0775,Riverside
Meeks Bay,0.0725,El Dorado
Meiners Oaks,0.0725,Ventura
Mendocino,0.07875,Mendocino
Mendota,0.07975,Fresno
Menifee,0.0875,Riverside
Menlo Park,0.0925,San Mateo
Mentone,0.0775,San Bernardino
Merced,0.0825,Merced
Meridian,0.0725,Sutter
Mettler,0.0725,Kern
Meyers,0.0725,El Dorado
Mi-Wuk Village,0.0725,Tuolumne
Middletown,0.0725,Lake
Midland,0.0775,Riverside
Midpines,0.0775,Mariposa
Midway City,0.0775,Orange
Milford,0.0725,Lassen
Mill Creek,0.0725,Tehama
Mill Valley,0.0825,Marin
Millbrae,0.0925,San Mateo
Millville,0.0725,Shasta
Milpitas,0.09,Santa Clara
Mineral,0.0725,Tehama
Mineral King,0.0775,Tulare
Mint Canyon,0.095,Los Angeles
Mira Loma,0.0775,Riverside
Mira Vista,0.0825,Contra Costa
Miracle Hot Springs,0.0725,Kern
Miramar (San Diego),0.0775,San Diego
Miramonte,0.07975,Fresno
Miranda,0.0775,Humboldt
Mission Hills (Los Angeles),0.095,Los Angeles
Mission Viejo,0.0775,Orange
Moccasin,0.0725,Tuolumne
Modesto,0.07875,Stanislaus
Moffett Field,0.09,Santa Clara
Mojave,0.0725,Kern
Mokelumne Hill,0.0725,Calaveras
Monarch Beach (Dana Point),0.0775,Orange
Moneta,0.095,Los Angeles
Mono Hot Springs,0.07975,Fresno
Mono Lake,0.0725,Mono
Monolith,0.0725,Kern
Monrovia,0.095,Los Angeles
Monta Vista,0.09,Santa Clara
Montague,0.0725,Siskiyou
Montalvo (Ventura),0.0775,Ventura
Montara,0.0925,San Mateo
Montclair,0.08,San Bernardino
Monte Rio,0.0825,Sonoma
Monte Sereno,0.09,Santa Clara
Montebello,0.095,Los Angeles
Montecito,0.0775,Santa Barbara
Monterey Bay Academy,0.09,Santa Cruz
Monterey Park,0.095,Los Angeles
Monterey,0.0875,Monterey
Montgomery Creek,0.0725,Shasta
Montrose,0.095,Los Angeles
Mooney,0.0775,Tulare
Moonridge,0.0775,San Bernardino
Moorpark,0.0725,Ventura
Moraga,0.0925,Contra Costa
Moreno Valley,0.0775,Riverside
Morgan Hill,0.09,Santa Clara
Morongo Valley,0.0775,San Bernardino
Morro Bay,0.0775,San Luis Obispo
Morro Plaza,0.0725,San Luis Obispo
Moss Beach,0.0925,San Mateo
Moss Landing,0.0775,Monterey
Mount Hamilton,0.09,Santa Clara
Mount Hebron,0.0725,Siskiyou
Mount Hermon,0.09,Santa Cruz
Mount Laguna,0.0775,San Diego
Mount Shasta,0.075,Siskiyou
Mount Wilson,0.095,Los Angeles
Mountain Center,0.0775,Riverside
Mountain Mesa,0.0725,Kern
Mountain Pass,0.0775,San Bernardino
Mountain Ranch,0.0725,Calaveras
Mountain View,0.09,Santa Clara
Mt. Aukum,0.0725,El Dorado
Mt. Baldy,0.0775,San Bernardino
Murphys,0.0725,Calaveras
Murrieta,0.0875,Riverside
Muscoy,0.0775,San Bernardino
Myers Flat,0.0775,Humboldt
Napa,0.0775,Napa
Naples,0.095,Los Angeles
Nashville,0.0725,El Dorado
National City,0.0875,San Diego
Naval (Port Hueneme),0.0875,Ventura
Naval (San Diego),0.0775,San Diego
Naval Air Station (Alameda),0.0975,Alameda
Naval Air Station (Coronado),0.0775,San Diego
Naval Air Station (Lemoore),0.0725,Kings
Naval Hospital (Oakland),0.0925,Alameda
Naval Hospital (San Diego),0.0775,San Diego
Naval Supply Center (Oakland),0.0925,Alameda
Naval Training Center (San Diego),0.0775,San Diego
Navarro,0.07875,Mendocino
Needles,0.0775,San Bernardino
Nelson,0.0725,Butte
Nevada City,0.08375,Nevada
New Almaden,0.09,Santa Clara
New Cuyama,0.0775,Santa Barbara
New Idria,0.0825,San Benito
Newark,0.0975,Alameda
Newberry,0.0775,San Bernardino
Newberry Springs,0.0775,San Bernardino
Newbury Park (Thousand Oaks),0.0725,Ventura
Newcastle,0.0725,Placer
Newhall (Santa Clarita),0.095,Los Angeles
Newman,0.07875,Stanislaus
Newport Beach,0.0775,Orange
Nicasio,0.0825,Marin
Nice,0.0725,Lake
Nicolaus,0.0725,Sutter
Niland,0.0775,Imperial
Nipomo,0.0725,San Luis Obispo
Nipton,0.0775,San Bernardino
Norco,0.0875,Riverside
Norden,0.075,Nevada
North Edwards,0.0725,Kern
North Fork,0.0775,Madera
North Gardena,0.095,Los Angeles
North Highlands,0.0775,Sacramento
North Hills (Los Angeles),0.095,Los Angeles
North Hollywood (Los Angeles),0.095,Los Angeles
North Palm Springs,0.0775,Riverside
North San Juan,0.075,Nevada
North Shore,0.0775,Riverside
Northridge (Los Angeles),0.095,Los Angeles
Norton A.F.B. (San Bernardino),0.08,San Bernardino
Norwalk,0.095,Los Angeles
Novato,0.085,Marin
Nubieber,0.0725,Lassen
Nuevo,0.0775,Riverside
Nyeland Acres,0.0725,Ventura
O'Brien,0.0725,Shasta
O'Neals,0.0775,Madera
Oak Park,0.0725,Ventura
Oak Run,0.0725,Shasta
Oak View,0.0725,Ventura
Oakdale,0.08375,Stanislaus
Oakhurst,0.0775,Madera
Oakland,0.0925,Alameda
Oakley,0.0825,Contra Costa
Oakville,0.0775,Napa
Oasis,0.0775,Riverside
Oban,0.095,Los Angeles
Occidental,0.0825,Sonoma
Oceano,0.0725,San Luis Obispo
Oceanside,0.0825,San Diego
Ocotillo,0.0775,Imperial
Ocotillo Wells,0.0775,San Diego
Oildale,0.0725,Kern
Ojai,0.0725,Ventura
Olancha,0.0775,Inyo
Old Station,0.0725,Shasta
Olema,0.0825,Marin
Olinda,0.0725,Shasta
Olive View (Los Angeles),0.095,Los Angeles
Olivehurst,0.0825,Yuba
Olivenhain (Encinitas),0.0775,San Diego
Olympic Valley,0.0725,Placer
Omo Ranch,0.0725,El Dorado
Ono,0.0725,Shasta
Ontario,0.0775,San Bernardino
Onyx,0.0725,Kern
Opal Cliffs,0.09,Santa Cruz
Orange Cove,0.07975,Fresno
Orange,0.0775,Orange
Orangevale,0.0775,Sacramento
Orcutt,0.0775,Santa Barbara
Ordbend,0.0725,Glenn
Oregon House,0.0825,Yuba
Orick,0.0775,Humboldt
Orinda,0.0875,Contra Costa
Orland,0.0775,Glenn
Orleans,0.0775,Humboldt
Oro Grande,0.0775,San Bernardino
Orosi,0.0775,Tulare
Oroville,0.0825,Butte
Otay (Chula Vista),0.0875,San Diego
Oxnard,0.0775,Ventura
Pacheco,0.0825,Contra Costa
Pacific Grove,0.0875,Monterey
Pacific House,0.0725,El Dorado
Pacific Palisades (Los Angeles),0.095,Los Angeles
Pacifica,0.0925,San Mateo
Pacoima (Los Angeles),0.095,Los Angeles
Paicines,0.0825,San Benito
Pajaro,0.0775,Monterey
Pala,0.0775,San Diego
Palermo,0.0725,Butte
Pallett,0.095,Los Angeles
Palm City,0.0775,Riverside
Palm City (San Diego),0.0775,San Diego
Palm Desert,0.0775,Riverside
Palm Springs,0.0925,Riverside
Palmdale,0.095,Los Angeles
Palo Alto,0.09,Santa Clara
Palo Cedro,0.0725,Shasta
Palo Verde,0.0775,Imperial
Palomar Mountain,0.0775,San Diego
Palos Verdes Estates,0.095,Los Angeles
Palos Verdes/Peninsula,0.095,Los Angeles
Panorama City (Los Angeles),0.095,Los Angeles
Paradise,0.0775,Butte
Paramount,0.095,Los Angeles
Parker Dam,0.0775,San Bernardino
Parkfield,0.0775,Monterey
Parlier,0.07975,Fresno
Pasadena,0.1025,Los Angeles
Paskenta,0.0725,Tehama
Paso Robles,0.0775,San Luis Obispo
Patterson,0.07875,Stanislaus
Patton,0.0775,San Bernardino
Pauma Valley,0.0775,San Diego
Paynes Creek,0.0725,Tehama
Pearblossom,0.095,Los Angeles
Pearland,0.095,Los Angeles
Pebble Beach,0.0775,Monterey
Pedley,0.0775,Riverside
Peninsula Village,0.0725,Plumas
Penn Valley,0.075,Nevada
Penngrove,0.0825,Sonoma
Penryn,0.0725,Placer
Pepperwood,0.0775,Humboldt
Permanente,0.09,Santa Clara
Perris,0.0775,Riverside
Perry (Whittier),0.095,Los Angeles
Pescadero,0.0925,San Mateo
Petaluma,0.0825,Sonoma
Petrolia,0.0775,Humboldt
Phelan,0.0775,San Bernardino
Phillipsville,0.0775,Humboldt
Philo,0.07875,Mendocino
Pico Rivera,0.1025,Los Angeles
Piedmont,0.0925,Alameda
Piedra,0.07975,Fresno
Piercy,0.07875,Mendocino
Pilot Hill,0.0725,El Dorado
Pine Grove,0.0775,Amador
Pine Valley,0.0775,San Diego
Pinecrest,0.0725,Tuolumne
Pinedale (Fresno),0.07975,Fresno
Pinetree,0.095,Los Angeles
Pinole,0.0925,Contra Costa
Pinon Hills,0.0775,San Bernardino
Pioneer,0.0775,Amador
Pioneertown,0.0775,San Bernardino
Piru,0.0725,Ventura
Pismo Beach,0.0775,San Luis Obispo
Pittsburg,0.0875,Contra Costa
Pixley,0.0775,Tulare
Placentia,0.0875,Orange
Placerville,0.0825,El Dorado
Plainview,0.0775,Tulare
Planada,0.0775,Merced
Plaster City,0.0775,Imperial
Platina,0.0725,Shasta
Playa Del Rey (Los Angeles),0.095,Los Angeles
Pleasant Grove,0.0725,Sutter
Pleasant Hill,0.0875,Contra Costa
Pleasanton,0.0925,Alameda
Plymouth,0.0775,Amador
Point Arena,0.08375,Mendocino
Point Mugu,0.0725,Ventura
Point Reyes Station,0.0825,Marin
Pollock Pines,0.0725,El Dorado
Pomona,0.1025,Los Angeles
Pond,0.0725,Kern
Pondosa,0.0725,Siskiyou
Pope Valley,0.0775,Napa
Poplar,0.0775,Tulare
Port Costa,0.0825,Contra Costa
Port Hueneme,0.0875,Ventura
Porter Ranch (Los Angeles),0.095,Los Angeles
Porterville,0.0925,Tulare
Portola Valley,0.0925,San Mateo
Portola,0.0725,Plumas
Portuguese Bend (Rancho Palos Verdes),0.095,Los Angeles
Posey,0.0775,Tulare
Potrero,0.0775,San Diego
Potter Valley,0.07875,Mendocino
Poway,0.0775,San Diego
Prather,0.07975,Fresno
Presidio (San Francisco),0.085,San Francisco
Presidio of Monterey (Monterey),0.0875,Monterey
Priest Valley,0.0775,Monterey
Princeton,0.0725,Colusa
Proberta,0.0725,Tehama
Project City,0.0725,Shasta
Prunedale,0.0775,Monterey
Pt. Dume,0.095,Los Angeles
Pulga,0.0725,Butte
Pumpkin Center,0.0725,Kern
Quail Valley,0.0875,Riverside
Quartz Hill,0.095,Los Angeles
Quincy,0.0725,Plumas
Rackerby,0.0825,Yuba
Rail Road Flat,0.0725,Calaveras
Rainbow,0.0775,San Diego
Raisin City,0.07975,Fresno
Ramona,0.0775,San Diego
Ranchita,0.0775,San Diego
Rancho Bernardo (San Diego),0.0775,San Diego
Rancho California,0.0775,Riverside
Rancho Cordova ,0.0825,Sacramento
Rancho Cucamonga,0.0775,San Bernardino
Rancho Dominguez,0.095,Los Angeles
Rancho Mirage,0.0775,Riverside
Rancho Murieta,0.0775,Sacramento
Rancho Palos Verdes,0.095,Los Angeles
Rancho Park (Los Angeles),0.095,Los Angeles
Rancho Santa Fe,0.0775,San Diego
Rancho Santa Margarita,0.0775,Orange
Randsburg,0.0725,Kern
Ravendale,0.0725,Lassen
Ravenna,0.095,Los Angeles
Raymond,0.0775,Madera
Red Bluff,0.075,Tehama
Red Mountain,0.0775,San Bernardino
Red Top,0.0775,Madera
Redcrest,0.0775,Humboldt
Redding,0.0725,Shasta
Redlands,0.0775,San Bernardino
Redondo Beach,0.095,Los Angeles
Redway,0.0775,Humboldt
Redwood City,0.0975,San Mateo
Redwood Estates,0.09,Santa Clara
Redwood Valley,0.07875,Mendocino
Reedley,0.08475,Fresno
Refugio Beach,0.0775,Santa Barbara
Represa (Folsom Prison),0.0775,Sacramento
Requa,0.075,Del Norte
Rescue,0.0725,El Dorado
Reseda (Los Angeles),0.095,Los Angeles
Rheem Valley (Moraga),0.0925,Contra Costa
Rialto,0.0775,San Bernardino
Richardson Grove,0.0775,Humboldt
Richardson Springs,0.0725,Butte
Richfield,0.0725,Tehama
Richgrove,0.0775,Tulare
Richmond,0.0925,Contra Costa
Richvale,0.0725,Butte
Ridgecrest,0.0825,Kern
Rimforest,0.0775,San Bernardino
Rimpau (Los Angeles),0.095,Los Angeles
Rio Bravo (Bakersfield),0.0825,Kern
Rio Del Mar,0.09,Santa Cruz
Rio Dell,0.0875,Humboldt
Rio Linda,0.0775,Sacramento
Rio Nido,0.0825,Sonoma
Rio Oso,0.0725,Sutter
Rio Vista,0.08125,Solano
Ripley,0.0775,Riverside
Ripon,0.0775,San Joaquin
River Pines,0.0775,Amador
Riverbank,0.07875,Stanislaus
Riverdale,0.07975,Fresno
Riverside,0.0875,Riverside
Robbins,0.0725,Sutter
Rocklin,0.0725,Placer
Rodeo,0.0825,Contra Costa
Rohnert Park,0.0875,Sonoma
Rohnerville,0.0775,Humboldt
Rolling Hills Estates,0.095,Los Angeles
Rolling Hills,0.095,Los Angeles
Romoland ,0.0875,Riverside
Rosamond,0.0725,Kern
Rose Bowl (Pasadena),0.1025,Los Angeles
Roseland,0.0825,Sonoma
Rosemead,0.095,Los Angeles
Roseville,0.0775,Placer
Ross,0.0825,Marin
Rossmoor,0.0775,Orange
Rough and Ready,0.075,Nevada
Round Mountain,0.0725,Shasta
Rowland Heights,0.095,Los Angeles
Royal Oaks,0.0775,Monterey
Rubidoux,0.0775,Riverside
Ruby Valley,0.0775,Humboldt
Rumsey,0.0725,Yolo
Running Springs,0.0775,San Bernardino
Ruth,0.0725,Trinity
Rutherford,0.0775,Napa
Ryde,0.0775,Sacramento
Sacramento,0.0875,Sacramento
Saint Helena,0.0825,Napa
Salida,0.07875,Stanislaus
Salinas,0.0925,Monterey
Salton City,0.0775,Imperial
Salyer,0.0725,Trinity
Samoa,0.0775,Humboldt
San Andreas,0.0725,Calaveras
San Anselmo,0.0875,Marin
San Ardo,0.0775,Monterey
San Benito,0.0825,San Benito
San Bernardino,0.08,San Bernardino
San Bruno,0.0925,San Mateo
San Carlos (San Diego),0.0775,San Diego
San Carlos,0.0925,San Mateo
San Clemente,0.0775,Orange
San Diego,0.0775,San Diego
San Dimas,0.095,Los Angeles
San Fernando,0.1,Los Angeles
San Francisco,0.085,San Francisco
San Gabriel,0.095,Los Angeles
San Geronimo,0.0825,Marin
San Gregorio,0.0925,San Mateo
San Jacinto,0.0775,Riverside
San Joaquin,0.07975,Fresno
San Jose,0.0925,Santa Clara
San Juan Bautista,0.09,San Benito
San Juan Capistrano,0.0775,Orange
San Juan Plaza (San Juan Capistrano),0.0775,Orange
San Leandro,0.0975,Alameda
San Lorenzo,0.0925,Alameda
San Lucas,0.0775,Monterey
San Luis Obispo,0.0775,San Luis Obispo
San Luis Rey (Oceanside),0.0825,San Diego
San Marcos,0.0775,San Diego
San Marino,0.095,Los Angeles
San Martin,0.09,Santa Clara
San Mateo,0.095,San Mateo
San Miguel,0.0725,San Luis Obispo
San Pablo,0.0875,Contra Costa
San Pedro (Los Angeles),0.095,Los Angeles
San Quentin,0.0825,Marin
San Rafael,0.09,Marin
San Ramon,0.0825,Contra Costa
San Simeon,0.0725,San Luis Obispo
San Tomas,0.09,Santa Clara
San Ysidro (San Diego),0.0775,San Diego
Sand City,0.0875,Monterey
Sanger,0.08725,Fresno
Santa Ana,0.0925,Orange
Santa Barbara,0.0875,Santa Barbara
Santa Clara,0.09,Santa Clara
Santa Clarita,0.095,Los Angeles
Santa Cruz,0.0925,Santa Cruz
Santa Fe Springs,0.105,Los Angeles
Santa Margarita,0.0725,San Luis Obispo
Santa Maria,0.0875,Santa Barbara
Santa Monica,0.1025,Los Angeles
Santa Nella,0.0775,Merced
Santa Paula,0.0825,Ventura
Santa Rita Park,0.0775,Merced
Santa Rosa Valley,0.0725,Ventura
Santa Rosa,0.09,Sonoma
Santa Ynez,0.0775,Santa Barbara
Santa Ysabel,0.0775,San Diego
Santee,0.0775,San Diego
Saratoga,0.09,Santa Clara
Saticoy,0.0725,Ventura
Sattley,0.0725,Sierra
Saugus (Santa Clarita),0.095,Los Angeles
Sausalito,0.0875,Marin
Sawtelle (Los Angeles),0.095,Los Angeles
Sawyers Bar,0.0725,Siskiyou
Scotia,0.0775,Humboldt
Scott Bar,0.0725,Siskiyou
Scotts Valley,0.09,Santa Cruz
Sea Ranch,0.0825,Sonoma
Seabright (Santa Cruz),0.0925,Santa Cruz
Seal Beach,0.0875,Orange
Seaside,0.0925,Monterey
Sebastopol,0.09,Sonoma
Seeley,0.0775,Imperial
Seiad Valley,0.0725,Siskiyou
Selby,0.0825,Contra Costa
Selma,0.08475,Fresno
Seminole Hot Springs,0.095,Los Angeles
Sepulveda (Los Angeles),0.095,Los Angeles
Sequoia National Park,0.0775,Tulare
Shadow Hills (Los Angeles),0.095,Los Angeles
Shafter,0.0725,Kern
Shandon,0.0725,San Luis Obispo
Sharpe Army Depot,0.0775,San Joaquin
Shasta,0.0725,Shasta
Shasta Lake,0.0725,Shasta
Shaver Lake,0.07975,Fresno
Sheepranch,0.0725,Calaveras
Shell Beach (Pismo Beach),0.0775,San Luis Obispo
Sheridan,0.0725,Placer
Sherman Island,0.0775,Sacramento
Sherman Oaks (Los Angeles),0.095,Los Angeles
Sherwin Plaza,0.0725,Mono
Shingle Springs,0.0725,El Dorado
Shingletown,0.0725,Shasta
Shively,0.0775,Humboldt
Shore Acres,0.0825,Contra Costa
Shoshone,0.0775,Inyo
Sierra City,0.0725,Sierra
Sierra Madre,0.095,Los Angeles
Sierraville,0.0725,Sierra
Signal Hill,0.095,Los Angeles
Silver Lake,0.0775,Amador
Silverado Canyon,0.0775,Orange
Simi Valley,0.0725,Ventura
Sisquoc,0.0775,Santa Barbara
Sites,0.0725,Colusa
Sky Valley,0.0775,Riverside
Skyforest,0.0775,San Bernardino
Sleepy Valley,0.095,Los Angeles
Sloat,0.0725,Plumas
Sloughhouse,0.0775,Sacramento
Smartsville,0.0825,Yuba
Smith River,0.075,Del Norte
Smithflat,0.0725,El Dorado
Smoke Tree (Palm Springs),0.0925,Riverside
Smoke Tree (Twentynine Palms),0.0775,San Bernardino
Snelling,0.0775,Merced
Soda Springs,0.075,Nevada
Solana Beach,0.0775,San Diego
Soledad,0.0875,Monterey
Solemint,0.095,Los Angeles
Solvang,0.0775,Santa Barbara
Somerset,0.0725,El Dorado
Somes Bar,0.0725,Siskiyou
Somis,0.0725,Ventura
Sonoma,0.0875,Sonoma
Sonora,0.0775,Tuolumne
Soquel,0.09,Santa Cruz
Soulsbyville,0.0725,Tuolumne
South Dos Palos,0.0775,Merced
South El Monte,0.1,Los Angeles
South Fork,0.0775,Humboldt
South Gate,0.1025,Los Angeles
South Laguna (Laguna Beach),0.0775,Orange
South Lake Tahoe,0.0775,El Dorado
South Pasadena,0.095,Los Angeles
South San Francisco,0.0975,San Mateo
South Shore (Alameda),0.0975,Alameda
South Whittier,0.095,Los Angeles
Spanish Flat,0.0775,Napa
Spreckels,0.0775,Monterey
Spring Garden,0.0725,Plumas
Spring Valley,0.0775,San Diego
Springville,0.0775,Tulare
Spyrock,0.07875,Mendocino
Squaw Valley,0.07975,Fresno
St. Helena,0.0825,Napa
Standard,0.0725,Tuolumne
Standish,0.0725,Lassen
Stanford,0.09,Santa Clara
Stanislaus,0.0725,Tuolumne
Stanton,0.0875,Orange
Steele Park,0.0775,Napa
Stevenson Ranch,0.095,Los Angeles
Stevinson,0.0775,Merced
Stewarts Point,0.0825,Sonoma
Stinson Beach,0.0825,Marin
Stirling City,0.0725,Butte
Stockton,0.09,San Joaquin
Stonyford,0.0725,Colusa
Storrie,0.0725,Plumas
Stratford,0.0725,Kings
Strathmore,0.0775,Tulare
Strawberry,0.0725,Tuolumne
Strawberry Valley,0.0825,Yuba
Studio City (Los Angeles),0.095,Los Angeles
Sugarloaf,0.0775,San Bernardino
Suisun City,0.08375,Solano
Sulphur Springs,0.095,Los Angeles
Sultana,0.0775,Tulare
Summerland,0.0775,Santa Barbara
Summit,0.0775,San Bernardino
Summit City,0.0725,Shasta
Sun City,0.0875,Riverside
Sun Valley (Los Angeles),0.095,Los Angeles
Sunland (Los Angeles),0.095,Los Angeles
Sunnymead (Moreno Valley),0.0775,Riverside
Sunnyside,0.0775,San Diego
Sunnyvale,0.09,Santa Clara
Sunol,0.0925,Alameda
Sunset Beach,0.0775,Orange
Sunset Whitney Ranch,0.0725,Placer
Surfside (Seal Beach),0.0875,Orange
Susanville,0.0725,Lassen
Sutter,0.0725,Sutter
Sutter Creek,0.0775,Amador
Swall Meadows (Bishop),0.0775,Inyo
Sylmar (Los Angeles),0.095,Los Angeles
Taft,0.0725,Kern
Tagus Ranch,0.0775,Tulare
Tahoe City,0.0725,Placer
Tahoe Paradise,0.0725,El Dorado
Tahoe Valley,0.0725,El Dorado
Tahoe Vista,0.0725,Placer
Tahoma,0.0725,Placer
Talmage,0.07875,Mendocino
Tamal (San Quentin),0.0825,Marin
Tarzana (Los Angeles),0.095,Los Angeles
Taylorsville,0.0725,Plumas
Tecate,0.0775,San Diego
Tecopa,0.0775,Inyo
Tehachapi,0.0725,Kern
Tehama,0.0725,Tehama
Temecula,0.0875,Riverside
Temple City,0.095,Los Angeles
Templeton,0.0725,San Luis Obispo
Terminal Island (Los Angeles),0.095,Los Angeles
Termo,0.0725,Lassen
Terra Bella,0.0775,Tulare
Thermal,0.0775,Riverside
Thornton,0.0775,San Joaquin
Thousand Oaks,0.0725,Ventura
Thousand Palms,0.0775,Riverside
Three Rivers,0.0775,Tulare
Tiburon,0.0825,Marin
Tierra Del Sol,0.0775,San Diego
Tierrasanta (San Diego),0.0775,San Diego
Tipton,0.0775,Tulare
Tollhouse,0.07975,Fresno
Toluca Lake (Los Angeles),0.095,Los Angeles
Tomales,0.0825,Marin
Toms Place,0.0725,Mono
Topanga,0.095,Los Angeles
Topanga Park,0.095,Los Angeles
Topaz,0.0725,Mono
Torrance,0.095,Los Angeles
Town Center,0.0775,Tulare
Trabuco Canyon,0.0775,Orange
Tracy,0.0825,San Joaquin
Tranquillity,0.07975,Fresno
Traver,0.0775,Tulare
Travis A.F.B. (Fairfield),0.08375,Solano
Tres Pinos,0.0825,San Benito
Trinidad,0.085,Humboldt
Trinity Center,0.0725,Trinity
Trona,0.0775,San Bernardino
Trowbridge,0.0725,Sutter
Truckee,0.0825,Nevada
Tujunga (Los Angeles),0.095,Los Angeles
Tulare,0.0825,Tulare
Tulelake,0.0725,Siskiyou
Tuolumne,0.0725,Tuolumne
Tuolumne Meadows,0.0775,Mariposa
Tupman,0.0725,Kern
Turlock,0.07875,Stanislaus
Tustin,0.0775,Orange
Twain,0.0725,Plumas
Twain Harte,0.0725,Tuolumne
Twentynine Palms,0.0775,San Bernardino
Twin Bridges,0.0725,El Dorado
Twin Peaks,0.0775,San Bernardino
Two Rock Coast Guard Station,0.0825,Sonoma
U.S. Naval Postgrad School (Monterey),0.0875,Monterey
Ukiah,0.08875,Mendocino
Union City,0.0975,Alameda
Universal City,0.095,Los Angeles
University,0.0775,Santa Barbara
University Park (Irvine),0.0775,Orange
Upland,0.0775,San Bernardino
Upper Lake/ Upper Lake Valley,0.0725,Lake
Vacaville,0.08125,Solano
Val Verde Park,0.095,Los Angeles
Valencia (Santa Clarita),0.095,Los Angeles
Valinda,0.095,Los Angeles
Vallecito,0.0725,Calaveras
Vallejo,0.08375,Solano
Valley Center,0.0775,San Diego
Valley Fair,0.09,Santa Clara
Valley Ford,0.0825,Sonoma
Valley Home,0.07875,Stanislaus
Valley Springs,0.0725,Calaveras
Valley Village,0.095,Los Angeles
Valyermo,0.095,Los Angeles
Van Nuys (Los Angeles),0.095,Los Angeles
Vandenberg A.F.B,0.0775,Santa Barbara
Vasquez Rocks,0.095,Los Angeles
Venice (Los Angeles),0.095,Los Angeles
Ventucopa,0.0775,Santa Barbara
Ventura,0.0775,Ventura
Verdugo City (Glendale),0.1025,Los Angeles
Vernalis,0.0775,San Joaquin
Vernon,0.095,Los Angeles
Veteran's Hospital (Los Angeles),0.095,Los Angeles
Victor,0.0775,San Joaquin
Victorville,0.0775,San Bernardino
Vidal,0.0775,San Bernardino
View Park,0.095,Los Angeles
Villa Grande,0.0825,Sonoma
Villa Park,0.0775,Orange
Vina,0.0725,Tehama
Vincent,0.095,Los Angeles
Vineburg,0.0825,Sonoma
Vinton,0.0725,Plumas
Virgilia,0.0725,Plumas
Visalia,0.085,Tulare
Vista Park,0.0725,Kern
Vista,0.0825,San Diego
Volcano,0.0775,Amador
Volta,0.0775,Merced
Wallace,0.0725,Calaveras
Walnut Creek,0.0825,Contra Costa
Walnut Grove,0.0775,Sacramento
Walnut Park,0.095,Los Angeles
Walnut,0.095,Los Angeles
Warm Springs (Fremont),0.0925,Alameda
Warner Springs,0.0775,San Diego
Wasco,0.0825,Kern
Waterford,0.07875,Stanislaus
Watsonville,0.0925,Santa Cruz
Watts,0.095,Los Angeles
Waukena,0.0775,Tulare
Wawona,0.0775,Mariposa
Weaverville,0.0725,Trinity
Weed,0.075,Siskiyou
Weimar,0.0725,Placer
Weldon,0.0725,Kern
Wendel,0.0725,Lassen
Weott,0.0775,Humboldt
West Covina,0.095,Los Angeles
West Hills (Los Angeles),0.095,Los Angeles
West Hollywood,0.095,Los Angeles
West Los Angeles (Los Angeles),0.095,Los Angeles
West Point,0.0725,Calaveras
West Sacramento,0.0825,Yolo
Westchester (Los Angeles),0.095,Los Angeles
Westend,0.0775,San Bernardino
Westhaven,0.0775,Humboldt
Westlake (Los Angeles),0.095,Los Angeles
Westlake Village (Thousand Oaks),0.0725,Ventura
Westlake Village,0.095,Los Angeles
Westley,0.07875,Stanislaus
Westminster,0.0875,Orange
Westmorland,0.0775,Imperial
Westport,0.07875,Mendocino
Westside,0.07875,Stanislaus
Westwood,0.0725,Lassen
Westwood (Los Angeles),0.095,Los Angeles
Wheatland,0.0775,Yuba
Wheeler Ridge,0.0725,Kern
Whiskeytown,0.0725,Shasta
Whispering Pines,0.0725,Lake
White Pines,0.0725,Calaveras
Whitethorn,0.0775,Humboldt
Whitewater,0.0775,Riverside
Whitlow,0.0775,Humboldt
Whitmore,0.0725,Shasta
Whittier,0.095,Los Angeles
Wildomar,0.0875,Riverside
Wildwood,0.0725,Shasta
Williams,0.0775,Colusa
Willits,0.08375,Mendocino
Willow Creek,0.0775,Humboldt
Willow Ranch,0.0725,Modoc
Willowbrook,0.095,Los Angeles
Willows,0.0725,Glenn
Wilmington (Los Angeles),0.095,Los Angeles
Wilseyville,0.0725,Calaveras
Wilsona Gardens,0.095,Los Angeles
Wilton,0.0775,Sacramento
Winchester,0.0775,Riverside
Windsor Hills,0.095,Los Angeles
Windsor,0.0825,Sonoma
Winnetka (Los Angeles),0.095,Los Angeles
Winterhaven,0.0775,Imperial
Winters,0.0725,Yolo
Winton,0.0775,Merced
Wishon,0.0775,Madera
Witter Springs,0.0725,Lake
Wofford Heights,0.0725,Kern
Woodacre,0.0825,Marin
Woodbridge,0.0775,San Joaquin
Woodfords,0.0725,Alpine
Woodlake,0.0875,Tulare
Woodland Hills (Los Angeles),0.095,Los Angeles
Woodland,0.08,Yolo
Woodleaf,0.0825,Yuba
Woodside,0.0925,San Mateo
Woodville,0.0775,Tulare
Woody,0.0725,Kern
Wrightwood,0.0775,San Bernardino
Yankee Hill,0.0725,Butte
Yermo,0.0775,San Bernardino
Yettem,0.0775,Tulare
Yolo,0.0725,Yolo
Yorba Linda,0.0775,Orange
Yorkville,0.07875,Mendocino
Yosemite Lodge,0.0775,Mariposa
Yosemite National Park,0.0775,Mariposa
Yountville,0.0775,Napa
Yreka,0.0775,Siskiyou
Yuba City,0.0725,Sutter
Yucaipa,0.0775,San Bernardino
Yucca Valley,0.0875,San Bernardino
Zamora,0.0725,Yolo
Zenia,0.0725,Trinity
